month,end_equity,net_pnl,return_pct,month_max_drawdown_pct,fills,tp_fills,grid_adds,jev_signals,opposite_closes,fees
2024-09,994.3463301693797,-5.653669830620288,-0.5653669830620323,0.820149508787027,8.0,0.0,2.0,217.0,0.0,4.85333999062
2024-10,956.0584436465363,-38.28788652284345,-3.8505584383583313,8.063608383997266,35.0,0.0,17.0,56.0,0.0,23.57649150532
2024-11,1244.6458730981549,288.5874294516186,30.185124284966,13.905947675957286,46.0,0.0,22.0,434.0,0.0,38.676077327910015
2024-12,1477.3095308830914,232.6636577849365,18.693161068038844,15.75559547033717,80.0,0.0,36.0,1122.0,0.0,73.70982304587007
2025-01,1529.8913636754921,52.581832792400746,3.5592969308855027,9.560256718134175,51.0,0.0,21.0,964.0,0.0,53.12320588826003
2025-02,1848.1181596675272,318.226795992035,20.80061392251473,12.134151742509314,46.0,0.0,22.0,728.0,0.0,54.13035735722991
2025-03,2014.0555366235433,165.93737695601612,8.978721197451357,18.73326874349296,106.0,0.0,50.0,581.0,1.0,155.74512188028808
2025-04,2060.507538117217,46.452001493673606,2.3063912910538553,21.930793276971773,50.0,0.0,18.0,891.0,0.0,64.99911731073865
2025-05,1755.7264448731032,-304.78109324411366,-14.791554391623652,28.133081513661406,38.0,0.0,18.0,1060.0,1.0,52.02723212170895
2025-06,1758.4667488396578,2.7403039665546203,0.15607807096353898,31.804590363269913,18.0,0.0,8.0,32.0,0.0,20.65018149324999
2025-07,1723.3309805098488,-35.135768329809025,-1.99809114121684,30.34756606183422,10.0,0.0,4.0,88.0,0.0,11.252499149810092
2025-08,1715.5664848289668,-7.764495680881964,-0.45055162175433594,30.67302016288903,26.0,0.0,12.0,82.0,0.0,30.345090140049933
2025-09,1694.6071577225025,-20.959327106464343,-1.221714651796424,31.069704316112233,11.0,0.0,3.0,80.0,0.0,11.692830770530009
2025-10,1725.8773511093782,31.27019338687569,1.8452768386097107,31.92708578182435,46.0,0.0,18.0,267.0,0.0,54.00506023804974
2025-11,2028.6222871302643,302.74493602088614,17.54150929822935,29.41177821762675,54.0,0.0,18.0,1232.0,0.0,63.25677965756904
2025-12,2028.1269585614102,-0.49532856885412,-0.02441699334551073,20.146170901894056,63.0,0.0,21.0,715.0,0.0,82.2816578200235
2026-01,2285.7395520889854,257.6125935275752,12.701995426869361,25.61364166591592,40.0,0.0,20.0,6.0,1.0,53.765582282615355
2026-02,2363.6705001921723,77.93094810318689,3.4094412914176475,14.794020667962126,110.0,0.0,50.0,442.0,0.0,167.67379813254036
2026-03,2403.890106245331,40.219606053158714,1.7015741428379583,9.989687271178592,52.0,0.0,20.0,1385.0,0.0,81.11744046468789
2026-04,2476.088377336487,72.19827109115613,3.0033931627566623,6.8078529059763415,21.0,0.0,5.0,726.0,0.0,31.36777252882007
2026-05,2479.3945490274027,3.306171690915562,0.13352397762442791,5.242297269753937,12.0,0.0,4.0,155.0,0.0,18.407022445869643
2026-06,2123.633979627317,-355.76056940008584,-14.348687244619484,22.01054782409082,98.0,0.0,46.0,265.0,2.0,148.10965992116212
2026-07,2111.497668371974,-12.136311255342662,-0.5714879010116691,21.767198062879068,23.0,0.0,7.0,724.0,0.0,29.89485176503399
2026-08,2035.8040938972924,-75.69357447468178,-3.584828702796705,22.99590364913715,29.0,0.0,11.0,83.0,0.0,38.43699119096755
2026-09,2040.7545319617484,4.950438064455966,0.2431686859897697,27.735086065449778,28.0,0.0,12.0,41.0,0.0,36.984156997643595
