day_utc,equity,net_profit,return_pct
2026-03-01 00:00:00+00:00,98.07599518288217,-1.924004817117833,-1.9240048171178303
2026-03-02 00:00:00+00:00,89.44533418195736,-8.630661000924803,-8.79997290349307
2026-03-03 00:00:00+00:00,96.23824650502502,6.792912323067654,7.59448481599827
2026-03-04 00:00:00+00:00,91.11475005382458,-5.123496451200438,-5.3237633033275555
2026-03-05 00:00:00+00:00,89.40422452467469,-1.7105255291498906,-1.8773310886979644
2026-03-06 00:00:00+00:00,86.1148525438313,-3.2893719808433843,-3.6792131449398635
2026-03-07 00:00:00+00:00,86.1148525438313,0.0,0.0
2026-03-08 00:00:00+00:00,85.75511707293268,-0.35973547089862734,-0.4177391707377409
2026-03-09 00:00:00+00:00,93.9686686885072,8.213551615574517,9.57791429354482
2026-03-10 00:00:00+00:00,99.29960572736728,5.330937038860085,5.673100527295305
2026-03-11 00:00:00+00:00,98.52474083724704,-0.7748648901202415,-0.78033027869987
2026-03-12 00:00:00+00:00,97.47254116857158,-1.0521996686754562,-1.0679547692630686
2026-03-13 00:00:00+00:00,93.95992963679524,-3.5126115317763436,-3.6036933988429998
2026-03-14 00:00:00+00:00,93.10897543408508,-0.850954202710156,-0.9056564920807642
2026-03-15 00:00:00+00:00,88.27559652532882,-4.833378908756259,-5.19109880247578
2026-03-16 00:00:00+00:00,82.07481063140972,-6.200785893919104,-7.024348900480004
2026-03-17 00:00:00+00:00,84.84863693171988,2.773826300310162,3.3796316786731895
2026-03-18 00:00:00+00:00,92.84263285515974,7.993995923439854,9.42147830833493
2026-03-19 00:00:00+00:00,96.778134833646,3.935501978486272,4.238895276296084
2026-03-20 00:00:00+00:00,95.02904969195303,-1.749085141692973,-1.8073143739539055
2026-03-21 00:00:00+00:00,99.2981851532671,4.269135461314065,4.492453071090297
2026-03-22 00:00:00+00:00,99.12892356720712,-0.16926158605997443,-0.17045788480294366
2026-03-23 00:00:00+00:00,92.76943610839172,-6.3594874588154084,-6.415370237026552
2026-03-24 00:00:00+00:00,93.83300662354117,1.0635705151494506,1.1464665085457515
2026-03-25 00:00:00+00:00,91.52940690946038,-2.3035997140807893,-2.4549993621358124
2026-03-26 00:00:00+00:00,99.35183369353238,7.822426784072007,8.546353623606272
2026-03-27 00:00:00+00:00,95.6765096230364,-3.6753240704959893,-3.699301697674906
2026-03-28 00:00:00+00:00,95.71822571659642,0.04171609356002648,0.04360118666995039
2026-03-29 00:00:00+00:00,95.4403006305964,-0.27792508600002463,-0.29035754049903106
2026-03-30 00:00:00+00:00,97.46216495915084,2.021864328554443,2.1184597231939994
2026-03-31 00:00:00+00:00,96.25902519286268,-1.2031397662881602,-1.2344685415026757
2026-04-01 00:00:00+00:00,97.56914765980169,1.3101224669390064,1.3610385772285571
2026-04-02 00:00:00+00:00,103.56688904756363,5.997741387761948,6.147170013900816
2026-04-03 00:00:00+00:00,103.56688904756363,0.0,0.0
2026-04-04 00:00:00+00:00,103.56688904756363,0.0,0.0
2026-04-05 00:00:00+00:00,101.19013253906196,-2.3767565085016713,-2.2948999727221087
2026-04-06 00:00:00+00:00,99.62851059658573,-1.5616219424762363,-1.5432551606486045
2026-04-07 00:00:00+00:00,89.26605646804276,-10.362454128542964,-10.401093087201174
2026-04-08 00:00:00+00:00,88.37928085789822,-0.8867756101445394,-0.9934073994430359
2026-04-09 00:00:00+00:00,88.37928085789822,0.0,0.0
2026-04-10 00:00:00+00:00,88.11793213789822,-0.26134872000000087,-0.2957126573820079
2026-04-11 00:00:00+00:00,88.11793213789821,-1.4210854715202004e-14,-1.1102230246251565e-14
2026-04-12 00:00:00+00:00,88.29556144170323,0.17762930380501984,0.2015813348037243
2026-04-13 00:00:00+00:00,91.5385813365454,3.2430198948421776,3.6729138383511772
2026-04-14 00:00:00+00:00,92.9066876628986,1.3681063263531996,1.4945679803833656
2026-04-15 00:00:00+00:00,92.2364099242264,-0.6702777386722119,-0.7214526268595867
2026-04-16 00:00:00+00:00,95.4477842457689,3.2113743215425075,3.4816774895951585
2026-04-17 00:00:00+00:00,90.29306754069894,-5.1547167050699585,-5.400561936353654
2026-04-18 00:00:00+00:00,90.14926699769894,-0.14380054299999756,-0.15925978252447903
2026-04-19 00:00:00+00:00,87.60490606077148,-2.544360936927461,-2.8223867166800254
2026-04-20 00:00:00+00:00,91.68662620590368,4.081720145132195,4.659236940794975
2026-04-21 00:00:00+00:00,92.7140612743158,1.0274350684121174,1.1205942577762418
2026-04-22 00:00:00+00:00,92.42114802581204,-0.29291324850375133,-0.3159318494711405
2026-04-23 00:00:00+00:00,92.23801486805992,-0.18313315775212402,-0.1981507064822141
2026-04-24 00:00:00+00:00,93.8560642925012,1.6180494244412813,1.7542110232487085
2026-04-25 00:00:00+00:00,93.45876135609424,-0.3973029364069589,-0.42331088502578496
2026-04-26 00:00:00+00:00,91.4006224831551,-2.058138872939139,-2.202189332573401
2026-04-27 00:00:00+00:00,93.94532105769082,2.5446985745357154,2.7841151464856884
2026-04-28 00:00:00+00:00,96.88995179564324,2.944630737952423,3.134409148641004
2026-04-29 00:00:00+00:00,96.88995179564326,1.4210854715202004e-14,2.220446049250313e-14
2026-04-30 00:00:00+00:00,96.88995179564326,0.0,0.0
2026-05-01 00:00:00+00:00,96.75583513104571,-0.134116664597542,-0.1384216444656916
2026-05-02 00:00:00+00:00,95.82067260318044,-0.9351625278652733,-0.966517964109026
2026-05-03 00:00:00+00:00,96.03473782546516,0.21406522228471658,0.22340191992933356
2026-05-04 00:00:00+00:00,93.60414786842011,-2.4305899570450435,-2.5309487088541083
2026-05-05 00:00:00+00:00,89.69293228394037,-3.9112155844797485,-4.178463960782775
2026-05-06 00:00:00+00:00,81.75178644283524,-7.941145841105126,-8.853703005233339
2026-05-07 00:00:00+00:00,82.17303604651036,0.4212496036751219,0.5152787749411303
2026-05-08 00:00:00+00:00,82.53090645601229,0.3578704095019276,0.43550832087957403
2026-05-09 00:00:00+00:00,83.47936832223695,0.9484618662246618,1.149220221796754
2026-05-10 00:00:00+00:00,86.42305158666922,2.9436832644322664,3.5262404634752498
2026-05-11 00:00:00+00:00,86.42305158666923,1.4210854715202004e-14,2.220446049250313e-14
2026-05-12 00:00:00+00:00,86.42305158666922,-1.4210854715202004e-14,-1.1102230246251565e-14
2026-05-13 00:00:00+00:00,86.60182265082088,0.1787710641516611,0.20685576460162114
2026-05-14 00:00:00+00:00,90.65604265320307,4.054220002382195,4.681448817456002
2026-05-15 00:00:00+00:00,91.3440925631233,0.688049909920224,0.7589675103647497
2026-05-16 00:00:00+00:00,89.36791743041026,-1.9761751327130384,-2.1634405436207094
2026-05-17 00:00:00+00:00,87.99035166716902,-1.3775657632412361,-1.541454475890558
2026-05-18 00:00:00+00:00,87.02621472425913,-0.9641369429098887,-1.0957302984272888
2026-05-19 00:00:00+00:00,86.67522732529221,-0.35098739896692166,-0.40331226640043516
2026-05-20 00:00:00+00:00,88.06799847131576,1.3927711460235486,1.6068849070294045
2026-05-21 00:00:00+00:00,88.21306318264308,0.14506471132732202,0.16471898288294984
2026-05-22 00:00:00+00:00,83.35504542356519,-4.858017759077896,-5.507140987746317
2026-05-23 00:00:00+00:00,77.94420553213098,-5.4108398914342075,-6.49131658910298
2026-05-24 00:00:00+00:00,77.94420553213098,0.0,0.0
2026-05-25 00:00:00+00:00,77.94420553213098,0.0,0.0
2026-05-26 00:00:00+00:00,77.94420553213098,0.0,0.0
2026-05-27 00:00:00+00:00,77.94420553213098,0.0,0.0
2026-05-28 00:00:00+00:00,77.94420553213098,0.0,0.0
2026-05-29 00:00:00+00:00,77.94420553213098,0.0,0.0
2026-05-30 00:00:00+00:00,77.94420553213098,0.0,0.0
2026-05-31 00:00:00+00:00,77.94420553213098,0.0,0.0
2026-06-01 00:00:00+00:00,77.94420553213098,0.0,0.0
2026-06-02 00:00:00+00:00,77.94420553213098,0.0,0.0
2026-06-03 00:00:00+00:00,77.94420553213098,0.0,0.0
2026-06-04 00:00:00+00:00,77.94420553213098,0.0,0.0
2026-06-05 00:00:00+00:00,77.94420553213098,0.0,0.0
2026-06-06 00:00:00+00:00,77.94420553213098,0.0,0.0
2026-06-07 00:00:00+00:00,77.94420553213098,0.0,0.0
2026-06-08 00:00:00+00:00,77.94420553213098,0.0,0.0
2026-06-09 00:00:00+00:00,77.94420553213098,0.0,0.0
2026-06-10 00:00:00+00:00,77.94420553213098,0.0,0.0
2026-06-11 00:00:00+00:00,77.94420553213098,0.0,0.0
2026-06-12 00:00:00+00:00,77.94420553213098,0.0,0.0
2026-06-13 00:00:00+00:00,77.94420553213098,0.0,0.0
2026-06-14 00:00:00+00:00,77.94420553213098,0.0,0.0
2026-06-15 00:00:00+00:00,77.94420553213098,0.0,0.0
2026-06-16 00:00:00+00:00,77.94420553213098,0.0,0.0
2026-06-17 00:00:00+00:00,77.94420553213098,0.0,0.0
2026-06-18 00:00:00+00:00,77.94420553213098,0.0,0.0
2026-06-19 00:00:00+00:00,77.94420553213098,0.0,0.0
2026-06-20 00:00:00+00:00,77.94420553213098,0.0,0.0
2026-06-21 00:00:00+00:00,77.94420553213098,0.0,0.0
2026-06-22 00:00:00+00:00,77.94420553213098,0.0,0.0
2026-06-23 00:00:00+00:00,77.94420553213098,0.0,0.0
2026-06-24 00:00:00+00:00,77.94420553213098,0.0,0.0
2026-06-25 00:00:00+00:00,77.94420553213098,0.0,0.0
2026-06-26 00:00:00+00:00,77.94420553213098,0.0,0.0
2026-06-27 00:00:00+00:00,77.94420553213098,0.0,0.0
2026-06-28 00:00:00+00:00,77.94420553213098,0.0,0.0
2026-06-29 00:00:00+00:00,77.94420553213098,0.0,0.0
2026-06-30 00:00:00+00:00,77.94420553213098,0.0,0.0
2026-07-01 00:00:00+00:00,77.94420553213098,0.0,0.0
2026-07-02 00:00:00+00:00,77.94420553213098,0.0,0.0
2026-07-03 00:00:00+00:00,77.94420553213098,0.0,0.0
2026-07-04 00:00:00+00:00,77.94420553213098,0.0,0.0
2026-07-05 00:00:00+00:00,77.94420553213098,0.0,0.0
2026-07-06 00:00:00+00:00,77.94420553213098,0.0,0.0
2026-07-07 00:00:00+00:00,77.94420553213098,0.0,0.0
2026-07-08 00:00:00+00:00,77.94420553213098,0.0,0.0
2026-07-09 00:00:00+00:00,77.94420553213098,0.0,0.0
2026-07-10 00:00:00+00:00,77.94420553213098,0.0,0.0
2026-07-11 00:00:00+00:00,77.94420553213098,0.0,0.0
2026-07-12 00:00:00+00:00,77.94420553213098,0.0,0.0
2026-07-13 00:00:00+00:00,77.94420553213098,0.0,0.0
2026-07-14 00:00:00+00:00,77.94420553213098,0.0,0.0
2026-07-15 00:00:00+00:00,77.94420553213098,0.0,0.0
2026-07-16 00:00:00+00:00,77.94420553213098,0.0,0.0
2026-07-17 00:00:00+00:00,77.94420553213098,0.0,0.0
2026-07-18 00:00:00+00:00,77.94420553213098,0.0,0.0
2026-07-19 00:00:00+00:00,77.94420553213098,0.0,0.0
2026-07-20 00:00:00+00:00,77.94420553213098,0.0,0.0
2026-07-21 00:00:00+00:00,77.94420553213098,0.0,0.0
2026-07-22 00:00:00+00:00,77.94420553213098,0.0,0.0
2026-07-23 00:00:00+00:00,77.94420553213098,0.0,0.0
2026-07-24 00:00:00+00:00,77.94420553213098,0.0,0.0
2026-07-25 00:00:00+00:00,77.94420553213098,0.0,0.0
2026-07-26 00:00:00+00:00,77.94420553213098,0.0,0.0
2026-07-27 00:00:00+00:00,77.94420553213098,0.0,0.0
2026-07-28 00:00:00+00:00,77.94420553213098,0.0,0.0
2026-07-29 00:00:00+00:00,77.94420553213098,0.0,0.0
2026-07-30 00:00:00+00:00,77.94420553213098,0.0,0.0
2026-07-31 00:00:00+00:00,77.94420553213098,0.0,0.0
2026-08-01 00:00:00+00:00,77.94420553213098,0.0,0.0
2026-08-02 00:00:00+00:00,77.94420553213098,0.0,0.0
2026-08-03 00:00:00+00:00,77.94420553213098,0.0,0.0
2026-08-04 00:00:00+00:00,77.94420553213098,0.0,0.0
2026-08-05 00:00:00+00:00,77.94420553213098,0.0,0.0
2026-08-06 00:00:00+00:00,77.94420553213098,0.0,0.0
2026-08-07 00:00:00+00:00,77.94420553213098,0.0,0.0
2026-08-08 00:00:00+00:00,77.94420553213098,0.0,0.0
2026-08-09 00:00:00+00:00,77.94420553213098,0.0,0.0
2026-08-10 00:00:00+00:00,77.94420553213098,0.0,0.0
2026-08-11 00:00:00+00:00,77.94420553213098,0.0,0.0
2026-08-12 00:00:00+00:00,77.94420553213098,0.0,0.0
2026-08-13 00:00:00+00:00,77.94420553213098,0.0,0.0
2026-08-14 00:00:00+00:00,77.94420553213098,0.0,0.0
2026-08-15 00:00:00+00:00,77.94420553213098,0.0,0.0
2026-08-16 00:00:00+00:00,77.94420553213098,0.0,0.0
2026-08-17 00:00:00+00:00,77.94420553213098,0.0,0.0
2026-08-18 00:00:00+00:00,77.94420553213098,0.0,0.0
2026-08-19 00:00:00+00:00,77.94420553213098,0.0,0.0
2026-08-20 00:00:00+00:00,77.94420553213098,0.0,0.0
2026-08-21 00:00:00+00:00,77.94420553213098,0.0,0.0
2026-08-22 00:00:00+00:00,77.94420553213098,0.0,0.0
2026-08-23 00:00:00+00:00,77.94420553213098,0.0,0.0
2026-08-24 00:00:00+00:00,77.94420553213098,0.0,0.0
2026-08-25 00:00:00+00:00,77.94420553213098,0.0,0.0
2026-08-26 00:00:00+00:00,77.94420553213098,0.0,0.0
2026-08-27 00:00:00+00:00,77.94420553213098,0.0,0.0
2026-08-28 00:00:00+00:00,77.94420553213098,0.0,0.0
2026-08-29 00:00:00+00:00,77.94420553213098,0.0,0.0
2026-08-30 00:00:00+00:00,77.94420553213098,0.0,0.0
2026-08-31 00:00:00+00:00,77.94420553213098,0.0,0.0
2026-09-01 00:00:00+00:00,77.94420553213098,0.0,0.0
2026-09-02 00:00:00+00:00,77.94420553213098,0.0,0.0
2026-09-03 00:00:00+00:00,77.94420553213098,0.0,0.0
2026-09-04 00:00:00+00:00,77.94420553213098,0.0,0.0
2026-09-05 00:00:00+00:00,77.94420553213098,0.0,0.0
2026-09-06 00:00:00+00:00,77.94420553213098,0.0,0.0
2026-09-07 00:00:00+00:00,77.94420553213098,0.0,0.0
2026-09-08 00:00:00+00:00,77.94420553213098,0.0,0.0
2026-09-09 00:00:00+00:00,77.94420553213098,0.0,0.0
2026-09-10 00:00:00+00:00,77.94420553213098,0.0,0.0
2026-09-11 00:00:00+00:00,77.94420553213098,0.0,0.0
2026-09-12 00:00:00+00:00,77.94420553213098,0.0,0.0
2026-09-13 00:00:00+00:00,77.94420553213098,0.0,0.0
2026-09-14 00:00:00+00:00,77.94420553213098,0.0,0.0
2026-09-15 00:00:00+00:00,77.94420553213098,0.0,0.0
2026-09-16 00:00:00+00:00,77.94420553213098,0.0,0.0
2026-09-17 00:00:00+00:00,77.94420553213098,0.0,0.0
2026-09-18 00:00:00+00:00,77.94420553213098,0.0,0.0
2026-09-19 00:00:00+00:00,77.94420553213098,0.0,0.0
2026-09-20 00:00:00+00:00,77.94420553213098,0.0,0.0
2026-09-21 00:00:00+00:00,77.94420553213098,0.0,0.0
