timestamp,equity,profit_usdt,return
2026-03-01 00:00:00+00:00,101.64424357889008,1.6442435788900838,0.01644243578890081
2026-03-02 00:00:00+00:00,103.32731091229138,1.683067333401297,0.016558412696484837
2026-03-03 00:00:00+00:00,97.94326417828363,-5.384046734007754,-0.05210671492823382
2026-03-04 00:00:00+00:00,93.63673513845013,-4.306529039833492,-0.04396962951933503
2026-03-05 00:00:00+00:00,94.99918391419966,1.3624487757495274,0.014550366090135824
2026-03-06 00:00:00+00:00,92.13144710844963,-2.8677368057500274,-0.03018696253580533
2026-03-07 00:00:00+00:00,92.16912356198596,0.037676453536320764,0.0004089423830710981
2026-03-08 00:00:00+00:00,93.93890930911465,1.7697857471286937,0.019201503483305515
2026-03-09 00:00:00+00:00,91.36211693131197,-2.5767923778026756,-0.027430511986502926
2026-03-10 00:00:00+00:00,92.72711276188329,1.364995830571317,0.01494050134146474
2026-03-11 00:00:00+00:00,94.84168202007885,2.1145692581955586,0.022804217614600164
2026-03-12 00:00:00+00:00,96.86317047700604,2.0214884569271874,0.021314346328223266
2026-03-13 00:00:00+00:00,94.8381635111862,-2.0250069658198413,-0.020905850550293037
2026-03-14 00:00:00+00:00,94.8381635111862,0.0,0.0
2026-03-15 00:00:00+00:00,94.2230449372463,-0.6151185739398954,-0.006485981499075977
2026-03-16 00:00:00+00:00,93.19521141724638,-1.0278335199999162,-0.010908515222411541
2026-03-17 00:00:00+00:00,95.29605933815645,2.10084792091007,0.022542444927822647
2026-03-18 00:00:00+00:00,96.50403645077655,1.2079771126200995,0.012676044749485582
2026-03-19 00:00:00+00:00,96.37985303348069,-0.12418341729586757,-0.0012868209648330131
2026-03-20 00:00:00+00:00,98.40205975722098,2.0222067237402968,0.02098163319503943
2026-03-21 00:00:00+00:00,98.05391174587099,-0.3481480113499913,-0.0035380154867585834
2026-03-22 00:00:00+00:00,97.23992227124769,-0.8139894746232983,-0.008301448255658928
2026-03-23 00:00:00+00:00,102.41449755546525,5.174575284217553,0.05321451481402084
2026-03-24 00:00:00+00:00,104.88180748413383,2.467309928668584,0.0240914127155909
2026-03-25 00:00:00+00:00,106.9552517601339,2.0734442760000746,0.019769341563967036
2026-03-26 00:00:00+00:00,104.7321589681487,-2.2230927919852093,-0.020785260708570785
2026-03-27 00:00:00+00:00,101.61009601493876,-3.1220629532099338,-0.029809974166191133
2026-03-28 00:00:00+00:00,101.61009601493876,0.0,0.0
2026-03-29 00:00:00+00:00,100.49441661997885,-1.115679394959912,-0.010980005321477915
2026-03-30 00:00:00+00:00,102.49383956440882,1.9994229444299663,0.019895861000823745
2026-03-31 00:00:00+00:00,102.27581886003887,-0.21802070436994825,-0.0021271591082597796
2026-04-01 00:00:00+00:00,102.27581886003887,0.0,0.0
2026-04-02 00:00:00+00:00,101.89981162003888,-0.37600723999999275,-0.003676404102073705
2026-04-03 00:00:00+00:00,101.89981162003888,0.0,0.0
2026-04-04 00:00:00+00:00,101.52526038003892,-0.37455123999995976,-0.003675681378063511
2026-04-05 00:00:00+00:00,98.89932933553719,-2.6259310445017263,-0.025864804824652476
2026-04-06 00:00:00+00:00,99.75285927619193,0.8535299406547381,0.008630290482142255
2026-04-07 00:00:00+00:00,100.854024658882,1.1011653826900698,0.011038935532075467
2026-04-08 00:00:00+00:00,102.877248698882,2.0232240400000023,0.02006091523707787
2026-04-09 00:00:00+00:00,105.33251014995196,2.4552614510699584,0.023865932284565794
2026-04-10 00:00:00+00:00,105.13034538995196,-0.20216476000000227,-0.001919300695599091
2026-04-11 00:00:00+00:00,106.54994453844687,1.4195991484949104,0.01350322918876845
2026-04-12 00:00:00+00:00,107.95075865499965,1.4008141165527803,0.013147018730238047
2026-04-13 00:00:00+00:00,102.58224204554973,-5.368516609449912,-0.049731161469714014
2026-04-14 00:00:00+00:00,104.74576553496982,2.1635234894200863,0.0210906239352755
2026-04-15 00:00:00+00:00,104.74576553496982,0.0,0.0
2026-04-16 00:00:00+00:00,105.08898341444986,0.34321787948003646,0.0032766754601212256
2026-04-17 00:00:00+00:00,100.32062176597393,-4.768361648475931,-0.0453745149448298
2026-04-18 00:00:00+00:00,105.60218070712064,5.281558941146713,0.05264679233615044
2026-04-19 00:00:00+00:00,104.70770259157517,-0.8944781155454677,-0.008470261783951494
2026-04-20 00:00:00+00:00,107.95865968689756,3.2509570953223914,0.031047926894195443
2026-04-21 00:00:00+00:00,110.4973597222176,2.5387000353200335,0.02351548308104956
2026-04-22 00:00:00+00:00,108.29559809330368,-2.201761628913914,-0.019925920713843137
2026-04-23 00:00:00+00:00,114.35269770250626,6.057099609202581,0.05593117094181421
2026-04-24 00:00:00+00:00,114.35269770250626,0.0,0.0
2026-04-25 00:00:00+00:00,114.13584652250627,-0.21685117999999193,-0.0018963363729654903
2026-04-26 00:00:00+00:00,114.6455155298063,0.5096690073000332,0.004465459562693397
2026-04-27 00:00:00+00:00,113.47879823425977,-1.1667172955465333,-0.010176737312007633
2026-04-28 00:00:00+00:00,111.138326779728,-2.340471454531766,-0.020624746568960073
2026-04-29 00:00:00+00:00,109.91380845502798,-1.2245183247000284,-0.01101796617045514
2026-04-30 00:00:00+00:00,109.91380845502798,0.0,0.0
2026-05-01 00:00:00+00:00,108.86373415288641,-1.0500743021415673,-0.009553615845921737
2026-05-02 00:00:00+00:00,108.75423833288643,-0.10949581999997804,-0.0010058062113339483
2026-05-03 00:00:00+00:00,108.75423833288643,0.0,0.0
2026-05-04 00:00:00+00:00,108.89016665131464,0.1359283184282134,0.0012498668604725705
2026-05-05 00:00:00+00:00,108.8935224814229,0.0033558301082621256,3.081848629182815e-05
2026-05-06 00:00:00+00:00,103.3744991920165,-5.519023289406405,-0.05068275103643505
2026-05-07 00:00:00+00:00,102.73469664679163,-0.6398025452248675,-0.006189171896605172
2026-05-08 00:00:00+00:00,102.37922241471902,-0.3554742320726092,-0.003460118574104998
2026-05-09 00:00:00+00:00,102.37922241471902,0.0,0.0
2026-05-10 00:00:00+00:00,102.55153451471901,0.17231209999998498,0.0016830768581341804
2026-05-11 00:00:00+00:00,102.55153451471901,0.0,0.0
2026-05-12 00:00:00+00:00,102.43857817471898,-0.11295634000002508,-0.0011014592861485761
2026-05-13 00:00:00+00:00,102.3218962188707,-0.11668195584827856,-0.0011390431019968617
2026-05-14 00:00:00+00:00,104.65902615778244,2.3371299389117297,0.022840956093234555
2026-05-15 00:00:00+00:00,102.92032351559797,-1.7387026421844638,-0.016613021408810158
2026-05-16 00:00:00+00:00,98.26070765361537,-4.659615861982601,-0.04527401102928341
2026-05-17 00:00:00+00:00,97.94491600317536,-0.3157916504400049,-0.0032138141275475096
2026-05-18 00:00:00+00:00,97.83736702317535,-0.10754898000001845,-0.0010980557683721859
2026-05-19 00:00:00+00:00,97.83736702317535,0.0,0.0
2026-05-20 00:00:00+00:00,97.62201496317539,-0.2153520599999581,-0.0022011228076992406
2026-05-21 00:00:00+00:00,97.62201496317539,0.0,0.0
2026-05-22 00:00:00+00:00,96.63195323430486,-0.9900617288705291,-0.010141787477384034
2026-05-23 00:00:00+00:00,99.7255623304594,3.0936090961545375,0.032014349214833926
2026-05-24 00:00:00+00:00,100.9766512282743,1.2510888978149097,0.012545318056660149
2026-05-25 00:00:00+00:00,100.5427642082743,-0.43388702000000023,-0.0042969044301055526
2026-05-26 00:00:00+00:00,100.32880080827431,-0.21396339999999725,-0.002128083524307822
2026-05-27 00:00:00+00:00,100.00522670198954,-0.32357410628476657,-0.0032251367870239633
2026-05-28 00:00:00+00:00,98.31112629275138,-1.6941004092381604,-0.016940118682861383
2026-05-29 00:00:00+00:00,98.31112629275138,0.0,0.0
2026-05-30 00:00:00+00:00,98.10439487275139,-0.206731419999997,-0.0021028283145123616
2026-05-31 00:00:00+00:00,98.10439487275139,0.0,0.0
2026-06-01 00:00:00+00:00,96.73276692480022,-1.3716279479511684,-0.013981309906964667
2026-06-02 00:00:00+00:00,93.39126913051032,-3.341497794289893,-0.034543597795435366
2026-06-03 00:00:00+00:00,90.24183570577993,-3.1494334247303897,-0.0337229963148824
2026-06-04 00:00:00+00:00,86.29133987961043,-3.950495826169501,-0.043776767119958704
2026-06-05 00:00:00+00:00,85.7609660265962,-0.5303738530142397,-0.006146316116474648
2026-06-06 00:00:00+00:00,87.16791158218685,1.406945555590653,0.016405430358076067
2026-06-07 00:00:00+00:00,87.87364713891954,0.7057355567326908,0.008096276989122186
2026-06-08 00:00:00+00:00,87.6974514780742,-0.17619566084533744,-0.0020051024008004292
2026-06-09 00:00:00+00:00,84.36373357214185,-3.333717905932346,-0.038013851597110904
2026-06-10 00:00:00+00:00,85.04852064152931,0.684787069387454,0.008117078754010798
2026-06-11 00:00:00+00:00,83.97460687799334,-1.0739137635359697,-0.012627071646106658
2026-06-12 00:00:00+00:00,83.97460687799332,-1.4210854715202004e-14,-2.220446049250313e-16
2026-06-13 00:00:00+00:00,83.79455203799333,-0.18005483999999683,-0.0021441581770260676
2026-06-14 00:00:00+00:00,83.70362553799333,-0.0909264999999948,-0.0010851123108668315
2026-06-15 00:00:00+00:00,84.74027136959465,1.0366458316013194,0.012384718403037231
2026-06-16 00:00:00+00:00,85.54584468355826,0.8055733139636061,0.009506381097720285
2026-06-17 00:00:00+00:00,87.3648089872489,1.8189643036906489,0.021263035164585276
2026-06-18 00:00:00+00:00,86.77707891691878,-0.5877300703301245,-0.006727309052045216
2026-06-19 00:00:00+00:00,87.20233533485836,0.425256417939579,0.004900561568184747
2026-06-20 00:00:00+00:00,87.11347103485836,-0.08886429999999734,-0.001019058717392829
2026-06-21 00:00:00+00:00,87.11347103485835,-1.4210854715202004e-14,-1.1102230246251565e-16
2026-06-22 00:00:00+00:00,88.75636937875235,1.6428983438940037,0.01885929150081278
2026-06-23 00:00:00+00:00,88.02147160010757,-0.734897778644779,-0.008279944118812832
2026-06-24 00:00:00+00:00,74.734702857998,-13.286768742109572,-0.1509491775196966
2026-06-25 00:00:00+00:00,74.734702857998,0.0,0.0
2026-06-26 00:00:00+00:00,74.734702857998,0.0,0.0
2026-06-27 00:00:00+00:00,74.734702857998,0.0,0.0
2026-06-28 00:00:00+00:00,74.734702857998,0.0,0.0
2026-06-29 00:00:00+00:00,74.734702857998,0.0,0.0
2026-06-30 00:00:00+00:00,74.734702857998,0.0,0.0
2026-07-01 00:00:00+00:00,74.734702857998,0.0,0.0
2026-07-02 00:00:00+00:00,74.734702857998,0.0,0.0
2026-07-03 00:00:00+00:00,74.734702857998,0.0,0.0
2026-07-04 00:00:00+00:00,74.734702857998,0.0,0.0
2026-07-05 00:00:00+00:00,74.734702857998,0.0,0.0
2026-07-06 00:00:00+00:00,74.734702857998,0.0,0.0
2026-07-07 00:00:00+00:00,74.734702857998,0.0,0.0
2026-07-08 00:00:00+00:00,74.734702857998,0.0,0.0
2026-07-09 00:00:00+00:00,74.734702857998,0.0,0.0
2026-07-10 00:00:00+00:00,74.734702857998,0.0,0.0
2026-07-11 00:00:00+00:00,74.734702857998,0.0,0.0
2026-07-12 00:00:00+00:00,74.734702857998,0.0,0.0
2026-07-13 00:00:00+00:00,74.734702857998,0.0,0.0
2026-07-14 00:00:00+00:00,74.734702857998,0.0,0.0
2026-07-15 00:00:00+00:00,74.734702857998,0.0,0.0
2026-07-16 00:00:00+00:00,74.734702857998,0.0,0.0
2026-07-17 00:00:00+00:00,74.734702857998,0.0,0.0
2026-07-18 00:00:00+00:00,74.734702857998,0.0,0.0
2026-07-19 00:00:00+00:00,74.734702857998,0.0,0.0
2026-07-20 00:00:00+00:00,74.734702857998,0.0,0.0
2026-07-21 00:00:00+00:00,74.734702857998,0.0,0.0
2026-07-22 00:00:00+00:00,74.734702857998,0.0,0.0
2026-07-23 00:00:00+00:00,74.734702857998,0.0,0.0
2026-07-24 00:00:00+00:00,74.734702857998,0.0,0.0
2026-07-25 00:00:00+00:00,74.734702857998,0.0,0.0
2026-07-26 00:00:00+00:00,74.734702857998,0.0,0.0
2026-07-27 00:00:00+00:00,74.734702857998,0.0,0.0
2026-07-28 00:00:00+00:00,74.734702857998,0.0,0.0
2026-07-29 00:00:00+00:00,74.734702857998,0.0,0.0
2026-07-30 00:00:00+00:00,74.734702857998,0.0,0.0
2026-07-31 00:00:00+00:00,74.734702857998,0.0,0.0
2026-08-01 00:00:00+00:00,74.734702857998,0.0,0.0
2026-08-02 00:00:00+00:00,74.734702857998,0.0,0.0
2026-08-03 00:00:00+00:00,74.734702857998,0.0,0.0
2026-08-04 00:00:00+00:00,74.734702857998,0.0,0.0
2026-08-05 00:00:00+00:00,74.734702857998,0.0,0.0
2026-08-06 00:00:00+00:00,74.734702857998,0.0,0.0
2026-08-07 00:00:00+00:00,74.734702857998,0.0,0.0
2026-08-08 00:00:00+00:00,74.734702857998,0.0,0.0
2026-08-09 00:00:00+00:00,74.734702857998,0.0,0.0
2026-08-10 00:00:00+00:00,74.734702857998,0.0,0.0
2026-08-11 00:00:00+00:00,74.734702857998,0.0,0.0
2026-08-12 00:00:00+00:00,74.734702857998,0.0,0.0
2026-08-13 00:00:00+00:00,74.734702857998,0.0,0.0
2026-08-14 00:00:00+00:00,74.734702857998,0.0,0.0
2026-08-15 00:00:00+00:00,74.734702857998,0.0,0.0
2026-08-16 00:00:00+00:00,74.734702857998,0.0,0.0
2026-08-17 00:00:00+00:00,74.734702857998,0.0,0.0
2026-08-18 00:00:00+00:00,74.734702857998,0.0,0.0
2026-08-19 00:00:00+00:00,74.734702857998,0.0,0.0
2026-08-20 00:00:00+00:00,74.734702857998,0.0,0.0
2026-08-21 00:00:00+00:00,74.734702857998,0.0,0.0
2026-08-22 00:00:00+00:00,74.734702857998,0.0,0.0
2026-08-23 00:00:00+00:00,74.734702857998,0.0,0.0
2026-08-24 00:00:00+00:00,74.734702857998,0.0,0.0
2026-08-25 00:00:00+00:00,74.734702857998,0.0,0.0
2026-08-26 00:00:00+00:00,74.734702857998,0.0,0.0
2026-08-27 00:00:00+00:00,74.734702857998,0.0,0.0
2026-08-28 00:00:00+00:00,74.734702857998,0.0,0.0
2026-08-29 00:00:00+00:00,74.734702857998,0.0,0.0
2026-08-30 00:00:00+00:00,74.734702857998,0.0,0.0
2026-08-31 00:00:00+00:00,74.734702857998,0.0,0.0
2026-09-01 00:00:00+00:00,74.734702857998,0.0,0.0
2026-09-02 00:00:00+00:00,74.734702857998,0.0,0.0
2026-09-03 00:00:00+00:00,74.734702857998,0.0,0.0
2026-09-04 00:00:00+00:00,74.734702857998,0.0,0.0
2026-09-05 00:00:00+00:00,74.734702857998,0.0,0.0
2026-09-06 00:00:00+00:00,74.734702857998,0.0,0.0
2026-09-07 00:00:00+00:00,74.734702857998,0.0,0.0
2026-09-08 00:00:00+00:00,74.734702857998,0.0,0.0
2026-09-09 00:00:00+00:00,74.734702857998,0.0,0.0
2026-09-10 00:00:00+00:00,74.734702857998,0.0,0.0
2026-09-11 00:00:00+00:00,74.734702857998,0.0,0.0
2026-09-12 00:00:00+00:00,74.734702857998,0.0,0.0
2026-09-13 00:00:00+00:00,74.734702857998,0.0,0.0
2026-09-14 00:00:00+00:00,74.734702857998,0.0,0.0
2026-09-15 00:00:00+00:00,74.734702857998,0.0,0.0
2026-09-16 00:00:00+00:00,74.734702857998,0.0,0.0
2026-09-17 00:00:00+00:00,74.734702857998,0.0,0.0
2026-09-18 00:00:00+00:00,74.734702857998,0.0,0.0
2026-09-19 00:00:00+00:00,74.734702857998,0.0,0.0
2026-09-20 00:00:00+00:00,74.734702857998,0.0,0.0
2026-09-21 00:00:00+00:00,74.734702857998,0.0,0.0
