date,equity,daily_max_drawdown_pct,fills,net_pnl,return_pct
2026-06-22,984.0195713609901,1.9637762133138725,6.0,-15.980428639009915,-1.5980428639009947
2026-06-23,984.0195713609901,1.5980428639009947,0.0,0.0,0.0
2026-06-24,1006.240601176847,1.7895399667172684,4.0,22.221029815856923,2.2581898229039554
2026-06-25,1032.3937079783386,5.118412988722976,5.0,26.153106801491617,2.599090791099501
2026-06-26,1032.3937079783386,0.2735990716959513,0.0,0.0,0.0
2026-06-27,1032.3937079783386,0.2735990716959513,0.0,0.0,0.0
2026-06-28,1032.3937079783386,0.2735990716959513,0.0,0.0,0.0
2026-06-29,1032.3937079783386,0.2735990716959513,0.0,0.0,0.0
2026-06-30,1032.3937079783386,0.2735990716959513,0.0,0.0,0.0
2026-07-01,1036.9977888374926,1.3003767950823142,2.0,4.60408085915401,0.44596173180577736
2026-07-02,1036.9977888374926,0.6337149386229979,0.0,0.0,0.0
2026-07-03,1036.9977888374926,0.6337149386229979,0.0,0.0,0.0
2026-07-04,1036.9977888374926,0.6337149386229979,0.0,0.0,0.0
2026-07-05,1036.9977888374926,0.6337149386229979,0.0,0.0,0.0
2026-07-06,993.4742364193834,4.963374754148441,7.0,-43.52355241810926,-4.197072827599813
2026-07-07,993.4742364193834,4.804190288729426,0.0,0.0,0.0
2026-07-08,993.4742364193834,4.804190288729426,0.0,0.0,0.0
2026-07-09,993.4742364193834,4.804190288729426,0.0,0.0,0.0
2026-07-10,993.4742364193834,4.804190288729426,0.0,0.0,0.0
2026-07-11,993.4742364193834,4.804190288729426,0.0,0.0,0.0
2026-07-12,993.4742364193834,4.804190288729426,0.0,0.0,0.0
2026-07-13,993.4742364193834,4.804190288729426,0.0,0.0,0.0
2026-07-14,1020.2052939640633,5.331926181226976,3.0,26.73105754467997,2.6906643941791986
2026-07-15,1020.2052939640633,2.2427905320776875,0.0,0.0,0.0
2026-07-16,1020.2052939640633,2.2427905320776875,0.0,0.0,0.0
2026-07-17,1020.2052939640633,2.2427905320776875,0.0,0.0,0.0
2026-07-18,1020.2052939640633,2.2427905320776875,0.0,0.0,0.0
2026-07-19,1020.2052939640633,2.2427905320776875,0.0,0.0,0.0
2026-07-20,1020.2052939640633,2.2427905320776875,0.0,0.0,0.0
2026-07-21,1020.2052939640633,2.2427905320776875,0.0,0.0,0.0
2026-07-22,1020.2052939640633,2.2427905320776875,0.0,0.0,0.0
2026-07-23,1020.2052939640633,2.2427905320776875,0.0,0.0,0.0
2026-07-24,1017.0857081132434,2.9672426824638887,3.0,-3.119585850819931,-0.30578020612876955
2026-07-25,1017.0857081132434,2.541712728694434,0.0,0.0,0.0
2026-07-26,1017.0857081132434,2.541712728694434,0.0,0.0,0.0
2026-07-27,1017.0857081132434,2.541712728694434,0.0,0.0,0.0
2026-07-28,1024.4967491854036,2.672425523676003,2.0,7.411041072160174,0.7286545286245394
2026-07-29,1024.4967491854036,1.8315785049721423,0.0,0.0,0.0
2026-07-30,1024.4967491854036,1.8315785049721423,0.0,0.0,0.0
2026-07-31,1017.197599295044,2.6729071880182143,3.0,-7.299149890359558,-0.7124619864497639
2026-08-01,1017.197599295044,2.530991190821996,0.0,0.0,0.0
2026-08-02,1017.197599295044,2.530991190821996,0.0,0.0,0.0
2026-08-03,1015.8427146260839,2.770634678872197,2.0,-1.3548846689601532,-0.13319778476661437
2026-08-04,1015.8427146260839,2.660817751389799,0.0,0.0,0.0
2026-08-05,1015.8427146260839,2.660817751389799,0.0,0.0,0.0
2026-08-06,1015.8427146260839,2.660817751389799,0.0,0.0,0.0
2026-08-07,1015.8427146260839,2.660817751389799,0.0,0.0,0.0
2026-08-08,1015.8427146260839,2.660817751389799,0.0,0.0,0.0
2026-08-09,1015.8427146260839,2.660817751389799,0.0,0.0,0.0
2026-08-10,1015.8427146260839,2.660817751389799,0.0,0.0,0.0
2026-08-11,1015.8427146260839,2.660817751389799,0.0,0.0,0.0
2026-08-12,1015.8427146260839,2.660817751389799,0.0,0.0,0.0
2026-08-13,1015.8427146260839,2.660817751389799,0.0,0.0,0.0
2026-08-14,1015.8427146260839,2.660817751389799,0.0,0.0,0.0
2026-08-15,1015.8427146260839,2.660817751389799,0.0,0.0,0.0
2026-08-16,1015.8427146260839,2.660817751389799,0.0,0.0,0.0
2026-08-17,1015.8427146260839,2.660817751389799,0.0,0.0,0.0
2026-08-18,1015.8427146260839,2.660817751389799,0.0,0.0,0.0
2026-08-19,1028.485537784844,4.862011328816962,9.0,12.642823158760052,1.244565027314648
2026-08-20,1019.0093330420644,2.5598446419523246,3.0,-9.476204742779487,-0.9213746226504393
2026-08-21,1012.8718912062947,4.300167610512718,7.0,-6.137441835769778,-0.6022949581283576
2026-08-22,1012.8718912062947,4.300167610512718,0.0,0.0,0.0
2026-08-23,1012.8718912062947,4.300167610512718,0.0,0.0,0.0
2026-08-24,1012.8718912062947,4.300167610512718,0.0,0.0,0.0
2026-08-25,1002.9009024631843,5.643037866541,4.0,-9.97098874311041,-0.9844274315121249
2026-08-26,1002.9009024631843,5.242263012465953,0.0,0.0,0.0
2026-08-27,1002.9009024631843,5.242263012465953,0.0,0.0,0.0
2026-08-28,1006.4776861132043,5.501438692033245,2.0,3.5767836500200474,0.35664377619317733
2026-08-29,1006.4776861132043,4.90431544103842,0.0,0.0,0.0
2026-08-30,1006.4776861132043,4.90431544103842,0.0,0.0,0.0
2026-08-31,1006.4776861132043,4.90431544103842,0.0,0.0,0.0
2026-09-01,1006.4776861132043,4.90431544103842,0.0,0.0,0.0
2026-09-02,1006.4776861132043,4.90431544103842,0.0,0.0,0.0
2026-09-03,1008.4924391808883,5.06322858418411,2.0,2.014753067683955,0.20017861254972846
2026-09-04,1008.2265348438239,4.916503974783715,2.0,-0.26590433706439853,-0.026366517658815702
2026-09-05,1008.2265348438239,4.739077831180838,0.0,0.0,0.0
2026-09-06,1008.2265348438239,4.739077831180838,0.0,0.0,0.0
2026-09-07,1008.2265348438239,4.739077831180838,0.0,0.0,0.0
2026-09-08,1008.2265348438239,4.739077831180838,0.0,0.0,0.0
2026-09-09,1008.2265348438239,4.739077831180838,0.0,0.0,0.0
2026-09-10,1008.2265348438239,4.739077831180838,0.0,0.0,0.0
2026-09-11,947.1994742564007,10.757547379049083,5.0,-61.02706058742319,-6.052911570798559
2026-09-12,947.1994742564007,10.505137211586701,0.0,0.0,0.0
2026-09-13,947.1994742564007,10.505137211586701,0.0,0.0,0.0
2026-09-14,947.1994742564007,10.505137211586701,0.0,0.0,0.0
2026-09-15,947.1994742564007,10.505137211586701,0.0,0.0,0.0
2026-09-16,947.1994742564007,10.505137211586701,0.0,0.0,0.0
2026-09-17,947.1994742564007,10.505137211586701,0.0,0.0,0.0
2026-09-18,946.8899931310614,11.220939522338158,3.0,-0.30948112533928906,-0.03267327883413884
2026-09-19,946.8899931310614,10.53437811764779,0.0,0.0,0.0
2026-09-20,946.8899931310614,10.53437811764779,0.0,0.0,0.0
2026-09-21,984.0180161731307,12.495822647977706,5.0,37.128023042069344,3.9210492571897237
